{
    "ndcg_1": 0.41776859760284424,
    "ndcg_3": 0.47838959097862244,
    "ndcg_5": 0.5276974439620972,
    "ndcg_10": 0.5813385844230652
}