{
    "ndcg_1": 0.42354467511177063,
    "ndcg_3": 0.4819876253604889,
    "ndcg_5": 0.5298611521720886,
    "ndcg_10": 0.5841916799545288
}