{
    "ndcg_1": 0.42255860567092896,
    "ndcg_2": 0.455078125,
    "ndcg_3": 0.4832306504249573,
    "ndcg_4": 0.5097373127937317,
    "ndcg_5": 0.5315667986869812,
    "err_1": 0.40935495495796204,
    "err_2": 0.47491729259490967,
    "err_3": 0.5008284449577332,
    "err_4": 0.5139602422714233,
    "err_5": 0.5219849348068237
}